{
    "intents": [
        {
            "name": "BellevueDegrees",
            "samples": [
                "{program}",
                "{program} please",
                "I would like more information on {program}",
                "tell me about {program}",
                "I would like to know about {program}",
                "List {program}",
                "please tell me about {program}",
                "please give me more information on {program}",
                "please tell me more about {program}"
            ],
            "slots": [
                {
                    "name": "program",
                    "type": "degreeType"
                }
            ]
        },
        {
            "name": "LaunchRequest",
            "samples": [
                "open college advisor"
            ],
            "slots": []
        }
    ],
    "types": [
        {
            "name": "degreeType",
            "values": [
                {
                    "id": null,
                    "name": {
                        "value": "bachelors degrees",
                        "synonyms": []
                    }
                },
                {
                    "id": null,
                    "name": {
                        "value": "professional and technical degrees",
                        "synonyms": []
                    }
                },
                {
                    "id": null,
                    "name": {
                        "value": "non transfer degrees",
                        "synonyms": []
                    }
                },
                {
                    "id": null,
                    "name": {
                        "value": "transfer associate degrees",
                        "synonyms": []
                    }
                },
                {
                    "id": null,
                    "name": {
                        "value": "test",
                        "synonyms": []
                    }
                },
                {
                    "id": null,
                    "name": {
                        "value": "eastern Washington",
                        "synonyms": []
                    }
                },
                {
                    "id": null,
                    "name": {
                        "value": "professional degrees",
                        "synonyms": []
                    }
                }
            ]
        }
    ]
}