{
    "languageModel": {
        "invocationName": "bc adviser",
        "intents": [
            {
                "name": "AboutIntent",
                "slots": [],
                "samples": [
                    "who made BC Advisor",
                    "who programmed BC Advisor",
                    "tell me about you"
                ]
            },
            {
                "name": "AMAZON.CancelIntent",
                "slots": [],
                "samples": []
            },
            {
                "name": "AMAZON.HelpIntent",
                "slots": [],
                "samples": []
            },
            {
                "name": "AMAZON.StopIntent",
                "slots": [],
                "samples": []
            },
            {
                "name": "ClassesOfferedIntent",
                "slots": [],
                "samples": []
            },
            {
                "name": "BellevueDegrees",
                "samples": [
                    "{program}",
                    "{program} please",
                    "I would like more information on {program}",
                    "tell me about {program}",
                    "I would like to know about {program}",
                    "List {program}",
                    "please tell me about {program}",
                    "please give me more information on {program}",
                    "please tell me more about {program}"
                ],
                "slots": [
                    {
                        "name": "program",
                        "type": "degreeType"
                    }
                ]
            },
            {
                "name": "LaunchRequest",
                "samples": [
                    "open college advisor"
                ],
                "slots": []
            },
            {
                "name": "GetFinalsInfoIntent",
                "slots": [],
                "samples": [
                    "when day are finals",
                    "this quarter when day are finals",
                    "when day are finals this quarter",
                    "when day are my finals",
                    "this quarter when day are my finals",
                    "when day are my finals this quarter",
                    "when day are Bellevue College's Finals",
                    "this quarter when day are Bellevue College's Finals",
                    "when day are Bellevue College's Finals this quarter",
                    "when days are finals",
                    "this quarter when days are finals",
                    "when days are finals this quarter",
                    "when days are my finals",
                    "this quarter when days are my finals",
                    "when days are my finals this quarter",
                    "when days are Bellevue College's Finals",
                    "this quarter when days are Bellevue College's Finals",
                    "when days are Bellevue College's Finals this quarter",
                    "when date are finals",
                    "this quarter when date are finals",
                    "when date are finals this quarter",
                    "when date are my finals",
                    "this quarter when date are my finals",
                    "when date are my finals this quarter",
                    "when date are Bellevue College's Finals",
                    "this quarter when date are Bellevue College's Finals",
                    "when date are Bellevue College's Finals this quarter",
                    "when dates are finals",
                    "this quarter when dates are finals",
                    "when dates are finals this quarter",
                    "when dates are my finals",
                    "this quarter when dates are my finals",
                    "when dates are my finals this quarter",
                    "when dates are Bellevue College's Finals",
                    "this quarter when dates are Bellevue College's Finals",
                    "when dates are Bellevue College's Finals this quarter",
                    "what day are finals",
                    "this quarter what day are finals",
                    "what day are finals this quarter",
                    "what day are my finals",
                    "this quarter what day are my finals",
                    "what day are my finals this quarter",
                    "what day are Bellevue College's Finals",
                    "this quarter what day are Bellevue College's Finals",
                    "what day are Bellevue College's Finals this quarter",
                    "what days are finals",
                    "this quarter what days are finals",
                    "what days are finals this quarter",
                    "what days are my finals",
                    "this quarter what days are my finals",
                    "what days are my finals this quarter",
                    "what days are Bellevue College's Finals",
                    "this quarter what days are Bellevue College's Finals",
                    "what days are Bellevue College's Finals this quarter",
                    "what date are finals",
                    "this quarter what date are finals",
                    "what date are finals this quarter",
                    "what date are my finals",
                    "this quarter what date are my finals",
                    "what date are my finals this quarter",
                    "what date are Bellevue College's Finals",
                    "this quarter what date are Bellevue College's Finals",
                    "what date are Bellevue College's Finals this quarter",
                    "what dates are finals",
                    "this quarter what dates are finals",
                    "what dates are finals this quarter",
                    "what dates are my finals",
                    "this quarter what dates are my finals",
                    "what dates are my finals this quarter",
                    "what dates are Bellevue College's Finals",
                    "this quarter what dates are Bellevue College's Finals",
                    "what dates are Bellevue College's Finals this quarter",
                    "which day are finals",
                    "this quarter which day are finals",
                    "which day are finals this quarter",
                    "which day are my finals",
                    "this quarter which day are my finals",
                    "which day are my finals this quarter",
                    "which day are Bellevue College's Finals",
                    "this quarter which day are Bellevue College's Finals",
                    "which day are Bellevue College's Finals this quarter",
                    "which days are finals",
                    "this quarter which days are finals",
                    "which days are finals this quarter",
                    "which days are my finals",
                    "this quarter which days are my finals",
                    "which days are my finals this quarter",
                    "which days are Bellevue College's Finals",
                    "this quarter which days are Bellevue College's Finals",
                    "which days are Bellevue College's Finals this quarter",
                    "which date are finals",
                    "this quarter which date are finals",
                    "which date are finals this quarter",
                    "which date are my finals",
                    "this quarter which date are my finals",
                    "which date are my finals this quarter",
                    "which date are Bellevue College's Finals",
                    "this quarter which date are Bellevue College's Finals",
                    "which date are Bellevue College's Finals this quarter",
                    "which dates are finals",
                    "this quarter which dates are finals",
                    "which dates are finals this quarter",
                    "which dates are my finals",
                    "this quarter which dates are my finals",
                    "which dates are my finals this quarter",
                    "which dates are Bellevue College's Finals",
                    "this quarter which dates are Bellevue College's Finals",
                    "which dates are Bellevue College's Finals this quarter"
                ]
            },
            {
                "name": "ExampleIntent",
                "slots": [],
                "samples": [
                    "Example Intent"
                ]
            },
            {
                "name": "RecommendedIntent",
                "samples": [
                    "What classes are recommended before I take {subject} {subNumber}"
                ],
                "slots": [
                    {
                        "name": "subject",
                        "type": "field"
                    },
                    {
                        "name": "subNumber",
                        "type": "classNumber"
                    }
                ]
            },
            {
                "name": "PrerequisiteIntent",
                "samples": [
                    "Are there any prerequisites for {subject} {subNumber}"
                ],
                "slots": [
                    {
                        "name": "subject",
                        "type": "field"
                    },
                    {
                        "name": "subNumber",
                        "type": "classNumber"
                    }
                ]
            },
            {
                "name": "HelloWorldIntent",
                "slots": [],
                "samples": [
                    "hello world"
                ]
            }
        ],
        "types": [
            {
                "name": "degreeType",
                "values": [
                    {
                        "id": null,
                        "name": {
                            "value": "bachelors degrees",
                            "synonyms": []
                        }
                    },
                    {
                        "id": null,
                        "name": {
                            "value": "professional and technical degrees",
                            "synonyms": []
                        }
                    },
                    {
                        "id": null,
                        "name": {
                            "value": "non transfer degrees",
                            "synonyms": []
                        }
                    },
                    {
                        "id": null,
                        "name": {
                            "value": "transfer associate degrees",
                            "synonyms": []
                        }
                    },
                    {
                        "id": null,
                        "name": {
                            "value": "test",
                            "synonyms": []
                        }
                    },
                    {
                        "id": null,
                        "name": {
                            "value": "eastern Washington",
                            "synonyms": []
                        }
                    },
                    {
                        "id": null,
                        "name": {
                            "value": "professional degrees",
                            "synonyms": []
                        }
                    }
                ]
            },
            {
                "name": "field",
                "values": [
                    {
                        "id": null,
                        "name": {
                            "value": "math",
                            "synonyms": []
                        }
                    },
                    {
                        "id": null,
                        "name": {
                            "value": "cs",
                            "synonyms": []
                        }
                    }
                ]
            },
            {
                "name": "classNumber",
                "values": [
                    {
                        "id": null,
                        "name": {
                            "value": "152",
                            "synonyms": []
                        }
                    },
                    {
                        "id": null,
                        "name": {
                            "value": "107",
                            "synonyms": []
                        }
                    }
                ]
            }
        ]
    }
}