{
    "types": [
      {
        "name": "field",
        "values": [
          {
            "id": null,
            "name": {
              "value": "math",
              "synonyms": []
            }
          },
          {
            "id": null,
            "name": {
              "value": "cs",
              "synonyms": []
            }
          }
        ]
      },
      {
        "name": "classNumber",
        "values": [
          {
            "id": null,
            "name": {
              "value": "152",
              "synonyms": []
            }
          },
            {
            "id": null,
            "name": {
              "value": "107",
              "synonyms": []
            }
          }
        ]
      }
    ],
    "intents": [
      {
        "name": "RecommendedIntent",
        "samples": [
          "What classes are recommended before I take {subject} {subNumber}"
        ],
        "slots": [
          {
            "name": "subject",
            "type": "field"
          },
          {
            "name": "subNumber",
            "type": "classNumber"
          }
        ]
      },
      {
        "name": "PrerequisiteIntent",
        "samples": [
          "Are there any prerequisites for {subject} {subNumber}"
        ],
        "slots": [
          {
            "name": "subject",
            "type": "field"
          },
          {
            "name": "subNumber",
            "type": "classNumber"
          }
        ]
      }
    ]
  }
